geoName,geoCode,disease outbreak
China,CN,100
Singapore,SG,98
Australia,AU,79
Ethiopia,ET,72
United Kingdom,GB,66
Ghana,GH,66
Kenya,KE,55
South Korea,KR,51
United States,US,46
Canada,CA,46
Nigeria,NG,42
New Zealand,NZ,42
South Africa,ZA,40
St. Helena,SH,37
Ireland,IE,25
Malaysia,MY,24
Israel,IL,22
United Arab Emirates,AE,20
Sweden,SE,20
Philippines,PH,20
Netherlands,NL,20
Switzerland,CH,18
India,IN,16
Portugal,PT,16
Saudi Arabia,SA,14
Austria,AT,14
Taiwan,TW,12
Czechia,CZ,12
Thailand,TH,11
Germany,DE,11
Ukraine,UA,11
Pakistan,PK,11
Belgium,BE,11
Spain,ES,11
Vietnam,VN,9
Mexico,MX,9
Japan,JP,9
France,FR,9
Egypt,EG,9
Bangladesh,BD,9
Poland,PL,7
Italy,IT,7
TÃ¼rkiye,TR,7
Brazil,BR,7
Argentina,AR,7
Indonesia,ID,5
